INSERT INTO Company (id_company, name, url_name, website_url, phone, email, address, description, image_url) VALUES ('b04e0a2f-cec8-4aa5-96d5-1622c7fa680b', '180heartbeats', '180heartbeats', 'http://180hb.com/','+48214748367','collier.colton@example.org','2875 Durgan Run Apt. 887\nSouth Dino, AL 38644','180heartbeats is an independent creative agency located in Warsaw, Poland. They work on behalf of local and international brands.','src/images/180heartbeats.png'),
('3b78549d-6d1a-42c6-8467-5d4d6c3ed54d', 'Adequate', 'adequate', 'http://www.predovic.net/','+48847355111','hgreen@example.com','86149 Jamison Crest\nEast Horacio, FL 70093','Adequate boutique interactive agency is a team of highly experienced digital marketing specialists located in Poland.','src/images/adequate.png'),
('9636bb2e-98da-4644-8856-dee994efc7f2', 'Arsthanea', 'arsthanea', 'http://romaguera.com/','+48675950974','janae83@example.net','1550 Satterfield Ville Suite 762\nLake Owenville, ME 77679-2587','Ars Thanea is an Advertising and Production Agency founded in 2007, home to 60 talented people who make work that matters and breathe excellence.','src/images/arsthanea.png'),
('51e7f494-0a3c-48ad-91af-950bee41f94a', 'El Passion', 'el-passion', 'https://www.elpassion.com/','+48451222321','daija05@example.org','8012 Dare Circle\nEast Mittiestad, IA 08358-1087','EL Passion is an app development & design house which turns great ideas into web apps, mobile apps and stunning designs.','src/images/elpassion.png'),
('b8f1391f-ebeb-44ee-95a7-a74827248446', 'GONG', 'gong', 'http://gongagency.com/','+48167976532','smorar@example.com','7505 Cierra Ferry\nHintzburgh, WV 30751','GONG is a full service, digital creative agency with offices in Poland and the Netherlands. For over 10 years they have been combining strategy, creativity & technology.','src/images/gong.png'),
('f94d9934-55da-4bdf-8eba-43aeedcbade5', 'Huncwot', 'huncwot', 'http://www.dickiferry.com/','+48502675432','markus05@example.org','838 Carey Pines\nEast Dario, MT 10466','Huncwot is a Warsaw-based creative agency, specialising in interactive design, clever technology and video production.','src/images/huncwot.png'),
('09946b82-d2f0-4aae-82aa-b4777401487d', 'K2', 'k2', 'http://www.k2.pl/','+48258765826','sydnee80@example.org','882 Lyla Knolls Suite 670\nNew Thalia, NC 75004','K2 is a leading full service independent digital agency based in Warsaw.','src/images/k2.png'),
('cb595266-3a16-4c7d-9ecb-7a258e85c7c6', 'The Story', 'the-story', 'http://ankunding.net/','+48931269123','thomas39@example.net','0275 Schinner Streets Apt. 290\nLandenland, NY 16875-9875','The Story is a design and technology agency specialized in digital and visual communications. They offer rebranding and identity projects.','src/images/thestory.png'),
('2fac289c-5258-4b6c-b99a-0398c668dd41', 'Braincode', 'braincode', 'https://braincode.xyz/','+48113233921','darren02@example.net','25189 Kohler Estates\nRhetttown, NJ 24670-7927','Braincode is a digital agency providing full-stack web services from web development, design to growth marketing and customer acquisition. Fast, efficient, agile.','src/images/braincode.png'),
('35a25e33-a3ca-4b91-8bf2-553c86caa109', 'Visuality', 'visuality', 'http://visuality.pl/','+48676232531','ulises.lockman@example.com','35098 Enola Mountains\nVincenzoland, ID 00161-4498','As an interactive agency, Visuality delivers strategy, design & development services. They are enthusiastic about Agile methodologies and user-centered design.','src/images/visuality.png'),
('e6baf6ac-9a3d-40ec-bd8c-4f04b8d3dfae', 'Rath-Turcotte', 'rath-turcotte', 'http://www.kunze.net/','1-620-339-3030','cschiller@rosenbaum.com','04481 Greg Springs\nLake Cyril, KS 67733','some company description text..','http://via.placeholder.com/200x200'),
('32a7fd3d-3a24-47b4-95f6-7440d04382fb', 'Ziemann, Schoen and Schuster', 'ziemann-schoen-and-schuster', 'http://www.hermannyost.org/','(747)747-1716','upton.mafalda@kuhlmanrice.com','8297 Breitenberg Unions Apt. 411\nTarachester, AR 78995-0086','Quas quos nihil qui et. Doloribus iure at sint in. Dolor corrupti quae recusandae soluta magnam omnis. Totam aut pariatur dolores hic et.','http://via.placeholder.com/200x200'),
('defee47a-e277-4a65-a68d-fe5c18c98b64', 'Osinski-Sipes', 'osinski-sipes', 'http://fahey.com/','+31(5)70809287','reggie.hackett@thompson.org','9704 Elyssa Hills Apt. 472\nNorth Marlonfurt, MO 91741-8689','Quas quos nihil qui et. Doloribus iure at sint in. Dolor corrupti quae recusandae soluta magnam omnis. Totam aut pariatur dolores hic et.','http://via.placeholder.com/200x200'),
('e48dcc2f-e0c7-4056-982c-97f50b0c553f', 'Cassin, Labadie and Okuneva', 'cassin-labadie-and-okuneva', 'http://www.feeneyking.com/','1-714-228-2023','bjacobi@stanton.com','718 Okuneva Mount\nNorth Yasminestad, SD 75890','Quas quos nihil qui et. Doloribus iure at sint in. Dolor corrupti quae recusandae soluta magnam omnis. Totam aut pariatur dolores hic et.','http://via.placeholder.com/200x200'),
('dbb79e3b-6e7d-4b44-bbb7-1e2376c37fee', 'rogahn-mante', 'Rogahn-Mante', 'http://hirthe.com/','02135417508','kirlin.nico@mosciski.com','34587 Dortha Rue Suite 557\nLynchville, ND 63888-0498','Quas quos nihil qui et. Doloribus iure at sint in. Dolor corrupti quae recusandae soluta magnam omnis. Totam aut pariatur dolores hic et.','http://via.placeholder.com/200x200');

INSERT INTO AGENCY (agency_code, nip_number, id_company) VALUES ('39j8g7d8ve','1234512345', 'e48dcc2f-e0c7-4056-982c-97f50b0c553f'),
('26a8m5i4eg','2147483647', '9636bb2e-98da-4644-8856-dee994efc7f2'),
('65e6t8o7bx','2147483647', '51e7f494-0a3c-48ad-91af-950bee41f94a'),
('89o3v8o8nn','2147483647', 'b8f1391f-ebeb-44ee-95a7-a74827248446'),
('10h9x6a8jj','1142133788', 'f94d9934-55da-4bdf-8eba-43aeedcbade5'),
('34n8u3y9qc','2147483647', '09946b82-d2f0-4aae-82aa-b4777401487d'),
('43p1i2y1vq','2147483647', 'cb595266-3a16-4c7d-9ecb-7a258e85c7c6'),
('24b2s2o3ku','2147483647', '2fac289c-5258-4b6c-b99a-0398c668dd41'),
('83t0c2u4vh','2147483647', '35a25e33-a3ca-4b91-8bf2-553c86caa109'),
('34z8k9w7el','2147483647', 'defee47a-e277-4a65-a68d-fe5c18c98b64');

INSERT INTO Status (id_status, name) VALUES ('f4bdc1ef-4f34-4334-b3e7-559390a69838', 'Finished'),
('58af8417-c8da-49cb-947f-1537b477e010', 'Finished'),
('a4ecbea4-be4f-4429-a3fc-53e47ecfdea9', 'Pending'),
('9fb4ff47-b5ad-4c25-9054-190f2c775b23', 'Finished');

INSERT INTO User (id_user, login, password, password_fail_attempts, email, name, surname, phone, website_url, image_url, description, date_of_birth, date_created, date_last_logged) VALUES ('3e049f97-6823-40c2-9f07-9e7578b398a8', 'konradkeska','admin','0','keska.konrad@gmail.com','Konrad','Keska','+48737447611','http://konradkeska.com/','https://avatars1.githubusercontent.com/u/29062983?s=460&v=4','Lorem ipsum dolor sit amet, consectetur adipiscing elit, sed do eiusmod tempor incididunt ut labore et dolore magna aliqua.','1993-11-13','2018-08-23','2018-08-25'),
('063eb1f4-a1e3-4043-bdcf-6daf814f7e8c', 'erika.armstrong','588e1f2528ac05df2845','0','jessika.pacocha@example.net','Garnett','Wiegand','04571193316','http://konradkeska.com/','http://via.placeholder.com/200x200','Lorem ipsum dolor sit amet, consectetur adipiscing elit, sed do eiusmod tempor incididunt ut labore et dolore magna aliqua.','1988-08-09','1986-08-21','1991-08-28'),
('f71bed07-5339-41ad-b4d6-e7518514ecef', 'ulices60','af80b3102fd262ce33f9','2','kian.bogan@example.net','Norberto','Boehm','1-951-213-3547','http://konradkeska.com/','http://via.placeholder.com/200x200','Lorem ipsum dolor sit amet, consectetur adipiscing elit, sed do eiusmod tempor incididunt ut labore et dolore magna aliqua.','2005-05-20','1992-05-31','2005-01-14'),
('8f1f45fa-2beb-44ba-9854-e9d351dfefb8', 'joan61','4b6c23ef706092e35f3b','1','rasheed.langosh@example.com','Vita','Dare','737.837.0891x4','http://konradkeska.com/','http://via.placeholder.com/200x200','Lorem ipsum dolor sit amet, consectetur adipiscing elit, sed do eiusmod tempor incididunt ut labore et dolore magna aliqua.','1989-01-02','1971-03-06','2002-10-08'),
('2a62ad9a-9290-4afd-886d-26e2fe91701c', 'ashlee.schiller','09899420192d1d3eaae7','0','baby48@example.net','Edwin','Prohaska','+65(4)49089513','http://konradkeska.com/','http://via.placeholder.com/200x200','Lorem ipsum dolor sit amet, consectetur adipiscing elit, sed do eiusmod tempor incididunt ut labore et dolore magna aliqua.','1992-09-21','1991-09-05','1978-08-28'),
('87e95508-9ba4-4669-b858-dbe5d273b4e0', 'delphia.ankunding','be2f899578a8e9f49b70','2','lrogahn@example.com','Carmelo','Pacocha','845-186-1362','http://konradkeska.com/','http://via.placeholder.com/200x200','Lorem ipsum dolor sit amet, consectetur adipiscing elit, sed do eiusmod tempor incididunt ut labore et dolore magna aliqua.','1973-10-21','1972-07-06','2000-01-30'),
('423704f3-d374-43e1-9724-4c92cf8eff49', 'davis.shaylee','575197d118fe560abfe3','2','daron36@example.org','Rhoda','Feeney','142-310-4803x4','http://konradkeska.com/','http://via.placeholder.com/200x200','Lorem ipsum dolor sit amet, consectetur adipiscing elit, sed do eiusmod tempor incididunt ut labore et dolore magna aliqua.','2014-07-21','1988-11-27','2009-08-01'),
('1c31a762-25a2-4f3d-8259-44bf3486b764', 'abner65','614789d61a9189e07c63','1','jeff81@example.net','Kiarra','Hagenes','738-765-0392','http://konradkeska.com/','http://via.placeholder.com/200x200','Lorem ipsum dolor sit amet, consectetur adipiscing elit, sed do eiusmod tempor incididunt ut labore et dolore magna aliqua.','1987-06-27','2005-09-07','1994-02-14'),
('00f7b777-1f0b-48e6-929e-b15df91bb0fc', 'eldridge76','35f0e559eeb3ee57efbc','2','shirley92@example.org','Carmella','Blanda','1-252-142-1454','http://konradkeska.com/','http://via.placeholder.com/200x200','Lorem ipsum dolor sit amet, consectetur adipiscing elit, sed do eiusmod tempor incididunt ut labore et dolore magna aliqua.','1974-05-31','1973-10-12','2004-04-16'),
('f2099706-8b63-4e69-9bb8-bf123e80be8f', 'jones.eulalia','b849f79b034d20476610','1','littel.freda@example.org','Lew','Lehner','+58(3)09445913','http://konradkeska.com/','http://via.placeholder.com/200x200','Lorem ipsum dolor sit amet, consectetur adipiscing elit, sed do eiusmod tempor incididunt ut labore et dolore magna aliqua.','1997-06-16','1998-05-07','1974-03-31');

INSERT INTO Client (job, id_user, id_company) VALUES ('Fucking King', '3e049f97-6823-40c2-9f07-9e7578b398a8','dbb79e3b-6e7d-4b44-bbb7-1e2376c37fee'),
('CEO','063eb1f4-a1e3-4043-bdcf-6daf814f7e8c','51e7f494-0a3c-48ad-91af-950bee41f94a'),
('Product owner','f71bed07-5339-41ad-b4d6-e7518514ecef','35a25e33-a3ca-4b91-8bf2-553c86caa109'),
('Manager','8f1f45fa-2beb-44ba-9854-e9d351dfefb8','defee47a-e277-4a65-a68d-fe5c18c98b64'),
('Barber','87e95508-9ba4-4669-b858-dbe5d273b4e0','cb595266-3a16-4c7d-9ecb-7a258e85c7c6'),
('Fisherman','2a62ad9a-9290-4afd-886d-26e2fe91701c','f94d9934-55da-4bdf-8eba-43aeedcbade5');

INSERT INTO Cms (id_cms, name, description) VALUES ('1ad0e477-5072-457b-9457-3cdfe0e471bb', 'WordPress','Quas quos nihil qui et. Doloribus iure at sint in. Dolor corrupti quae recusandae soluta magnam omnis. Totam aut pariatur dolores hic et.'),
('24a846b0-81e8-4ffb-83d7-9011ff63086b', 'Joomla','Amet et optio consectetur. Et et odio eligendi deserunt optio facere ipsam sed. Facere corporis tempora aut. Ex nisi omnis quia et non distinctio inventore. Non soluta est expedita in.'),
('250e5309-07d8-48fc-b09e-03ae8c5501c5', 'PrestaShop','Culpa consequuntur illo non cumque nulla quia aut quibusdam. Atque quibusdam cumque ex unde voluptatem. Architecto ea provident nulla aut autem. Iusto ut sed dolorem inventore rerum alias.'),
('7a09bd61-5b2d-44e1-b80b-56746c7b2ea3', 'IAI-Shop','Iure aut commodi rerum deserunt. Dolorem possimus quo porro deleniti beatae. Doloribus saepe omnis pariatur exercitationem rerum voluptates. Sed voluptas perspiciatis quia doloremque voluptas est dignissimos. Qui possimus sunt rerum assumenda.'),
('6150dc67-eee0-444f-8757-ddebb2b4f185', 'Magento','In rerum facilis laborum et quasi voluptas. Consectetur qui deleniti dolore iste rem voluptatum. Voluptatem dolore est exercitationem dolore id. Ipsa qui inventore aut quisquam assumenda quis. Magni nesciunt rerum nostrum provident earum voluptas distinctio odit. Quam sunt aperiam ipsum quia molliti'),
('79af9b6e-8606-4dd3-b20e-5059e0c82f13', 'Squarespace','Voluptatum dicta impedit quam eveniet. Suscipit accusantium soluta quos velit cum. Architecto voluptas omnis temporibus optio rerum. Commodi sunt assumenda magni blanditiis nostrum aut. Mollitia suscipit nihil quia et. Id natus qui et quia quo. Dolorem minus quia et autem culpa totam.'),
('35366487-ff02-4bff-8bd7-7bec92231b85', 'Magnolia','Est rerum ut sint quia aspernatur. In iste voluptates tempora voluptatibus sit architecto qui. Blanditiis cum perspiciatis pariatur temporibus dicta. A quae voluptatem maiores in. Aliquid non natus et.');

INSERT INTO Project (id_project, name, url_name, type, description, language, budget_min, budget_max, date_created, date_deadline, subpage_count, overall_progress, image_url, id_status, id_cms) VALUES ('78d951b0-532d-4b13-bf70-96df4cf2e488', 'Crazy Tom Fishing Shop', 'crazy-tom-fishing-shop', 'eCommerce','We want to create internet shop related to fishing accesories.','English','3000','7500','2018-08-25','2018-12-28','10','10','http://via.placeholder.com/300x300','f4bdc1ef-4f34-4334-b3e7-559390a69838','1ad0e477-5072-457b-9457-3cdfe0e471bb'),
('af0893af-85d9-4d4a-a096-a33065060c53', 'NextLevel App', 'nextlevel-app', 'App','We want to create next level application based on block-chain and newest technologies.','Multilingual','10000','42655','2017-11-05','2018-11-13','50','66','http://via.placeholder.com/300x300','a4ecbea4-be4f-4429-a3fc-53e47ecfdea9','24a846b0-81e8-4ffb-83d7-9011ff63086b');

INSERT INTO Similar_project (id_similar_project, project_url, id_project) VALUES ('3d24d078-c565-47c1-bac6-448f65d2c7b8', 'http://google.com/', 'af0893af-85d9-4d4a-a096-a33065060c53'),
('ccb8e33b-6338-41f3-b82f-566e0b999135', 'http://amazon.com/', '78d951b0-532d-4b13-bf70-96df4cf2e488'),
('ee8acd91-947f-48e7-97e4-3ade89b088b5', 'http://instagram.com/', 'af0893af-85d9-4d4a-a096-a33065060c53');

INSERT INTO Custom_feature (id_custom_feature, name, description, id_project) VALUES ('bb8ec84d-ffd9-430d-bba5-6b9ba0deb15e', 'Crazy Custom Feature','Voluptas sunt cum deleniti. Eum enim eos facilis molestias. Ratione esse corrupti excepturi architecto. Non dolorem rerum ipsum aliquam cumque quaerat illum. Accusamus ut minus perspiciatis aliquid. Ut nesciunt ut modi incidunt rerum.','af0893af-85d9-4d4a-a096-a33065060c53'),
('08cf3fb0-8b5e-47d2-b84d-6eca3e95e825', 'Banana Slider','Voluptatem voluptatem vero dicta deserunt. Ullam nihil veritatis quasi sit voluptatem dicta. Cum sit nobis distinctio. Eligendi eligendi amet autem.','78d951b0-532d-4b13-bf70-96df4cf2e488'),
('97f9fab1-5bd0-4247-820a-742c8198ba2d', 'Web scraper','Et maxime illo qui earum quidem. In quia consequatur eveniet veniam doloremque quae ullam. Optio culpa quae nemo quibusdam et deleniti quos. Totam ex eligendi quia quo ea. Ipsum sit quo ratione culpa et voluptas consectetur. In fugit laudantium aliquid eum. Adipisci voluptatibus sed quisquam quam et quia.','af0893af-85d9-4d4a-a096-a33065060c53');

INSERT INTO Feature (id_feature, name, description) VALUES ('69af7708-a1c1-440e-88c9-de4fcc24fb52', 'Slider','Qui quas exercitationem debitis. Maiores modi aut vel est quaerat et modi. Fuga rerum dolor ut laboriosam. Tempora harum quas aperiam eaque animi itaque. Est aut ipsa amet molestiae doloribus et alias.'),
('af10370c-af23-4f8a-badc-0c0d962ed177', 'Image gallery','Explicabo ratione velit voluptatum et sunt a. Et temporibus rem sit quos voluptatem nostrum sit. Dolores dolor odit animi qui nesciunt sed. Harum adipisci officia aut asperiores consequatur. Vel ut exercitationem cupiditate eum ut.'),
('b0039a89-43e9-42d7-b320-1781b9c51e76', 'Map','At adipisci earum eum sequi veniam. Aut reiciendis voluptatem voluptas quis maiores quis. Odio dicta amet nostrum. Mollitia delectus sint vel quaerat praesentium eum sit. Aut quae sint quia ipsum minima.'),
('8bc45432-d4fe-4305-9e5e-b53404b531be', 'Contact form','Aliquam similique nisi sed velit laboriosam dolor mollitia. Atque est occaecati quo nam. In ut quia labore voluptatibus illo quis ut. Aut beatae molestiae commodi ratione dolore accusamus praesentium. Officiis dolore sit minima quis ab earum. Beatae omnis velit non in laudantium et.'),
('ffe3d723-a008-46fc-874e-54765f1a4904', 'News feed','Nulla consequatur velit officia id tempora et. Eveniet asperiores nihil culpa maiores tempore vel. Velit qui nobis quidem. Ullam maxime tenetur aperiam fuga rerum molestiae.'),
('12265f88-9ad6-4ed9-bc13-caccadf5c658', 'Articles','Rerum reprehenderit porro explicabo facilis in quasi. Ex non facilis possimus quia quod vel. Quas facere et necessitatibus dolorem. Repellat illum rerum distinctio minus. Illum sint explicabo consequatur veniam. Labore eveniet alias vel eveniet. Quae veniam molestiae enim perferendis.'),
('f4614245-0a93-428c-a925-f8ebebf699b3', 'Parallax','Facilis qui delectus cumque sed. Pariatur et voluptatibus maxime in porro facilis illo dolorem. Optio quo deleniti fugiat quae. Veniam voluptatem accusamus nesciunt iusto ex.'),
('2efee564-ed95-429a-84a3-90c9085e5146', 'Authentication','Asperiores porro reprehenderit nam quas. Voluptates soluta consectetur voluptas. Quo omnis magnam et dicta ab sunt. Accusantium qui eos a possimus modi. Soluta blanditiis quo accusamus reprehenderit alias.'),
('83ff2b6d-a1a0-4436-ba94-c5a3cede0dc6', 'Some feature','Sint nisi consectetur id est unde sed qui. Dolorum soluta assumenda ea odio. Et officia ipsam excepturi expedita natus est. Numquam possimus laudantium minus sed labore pariatur. Qui cumque qui sequi qui nam eveniet.'),
('94d49408-4ddd-4134-a414-3d8c200b7ae9', 'Another one','Quod quidem quisquam est facilis et eaque nesciunt soluta. Sit rerum praesentium consequatur et nostrum sed. Accusamus debitis aut totam autem dolores voluptatem. Molestiae asperiores id ut.'),
('35c9f0f3-013c-456a-8394-eaec57d6184b', 'And another','Ut possimus optio repellat enim. Totam eligendi veritatis iste molestias qui magnam ea. Earum dolorum dolore dolores impedit libero nemo eligendi. Sed ut nihil id doloribus. Sed eveniet veniam ipsa possimus.'),
('3b09f3e6-08c9-4e9b-8e0b-9e1ebcb64644', 'Example feature','Aut cumque facere unde ducimus quasi esse. Vitae sed ad modi quia nemo accusantium maxime error. Iusto doloribus ut ab quis. Corporis quam provident et maxime non ut. Quos doloribus qui qui. Sed adipisci consequatur aut consequatur consequatur molestiae quod.');

INSERT INTO Project_feature (id_project, id_feature) VALUES ('af0893af-85d9-4d4a-a096-a33065060c53','af10370c-af23-4f8a-badc-0c0d962ed177'),
('af0893af-85d9-4d4a-a096-a33065060c53','69af7708-a1c1-440e-88c9-de4fcc24fb52'),
('af0893af-85d9-4d4a-a096-a33065060c53','b0039a89-43e9-42d7-b320-1781b9c51e76'),
('af0893af-85d9-4d4a-a096-a33065060c53','8bc45432-d4fe-4305-9e5e-b53404b531be'),
('af0893af-85d9-4d4a-a096-a33065060c53','ffe3d723-a008-46fc-874e-54765f1a4904'),
('af0893af-85d9-4d4a-a096-a33065060c53','12265f88-9ad6-4ed9-bc13-caccadf5c658'),
('af0893af-85d9-4d4a-a096-a33065060c53','f4614245-0a93-428c-a925-f8ebebf699b3'),
('af0893af-85d9-4d4a-a096-a33065060c53','2efee564-ed95-429a-84a3-90c9085e5146'),
('af0893af-85d9-4d4a-a096-a33065060c53','83ff2b6d-a1a0-4436-ba94-c5a3cede0dc6'),
('78d951b0-532d-4b13-bf70-96df4cf2e488','94d49408-4ddd-4134-a414-3d8c200b7ae9'),
('78d951b0-532d-4b13-bf70-96df4cf2e488','35c9f0f3-013c-456a-8394-eaec57d6184b'),
('78d951b0-532d-4b13-bf70-96df4cf2e488','3b09f3e6-08c9-4e9b-8e0b-9e1ebcb64644'),
('78d951b0-532d-4b13-bf70-96df4cf2e488','af10370c-af23-4f8a-badc-0c0d962ed177'),
('78d951b0-532d-4b13-bf70-96df4cf2e488','b0039a89-43e9-42d7-b320-1781b9c51e76'),
('78d951b0-532d-4b13-bf70-96df4cf2e488','69af7708-a1c1-440e-88c9-de4fcc24fb52'),
('78d951b0-532d-4b13-bf70-96df4cf2e488','8bc45432-d4fe-4305-9e5e-b53404b531be'),
('78d951b0-532d-4b13-bf70-96df4cf2e488','12265f88-9ad6-4ed9-bc13-caccadf5c658');

INSERT INTO Visual_identity (id_visual_identity, type, id_project) VALUES ('54346b39-86f3-4d52-a0b9-313c67867e70', 'All','af0893af-85d9-4d4a-a096-a33065060c53'),
('f42576f6-d7ea-4a98-bcb3-56d7a6bf6dcd', 'Logotype, layout','78d951b0-532d-4b13-bf70-96df4cf2e488');

INSERT INTO Color (id_color, hex_value, id_project) VALUES ('ae1a43a9-c234-4fc1-87e0-2d8f35531c80', '#050122','78d951b0-532d-4b13-bf70-96df4cf2e488'),
('a3b5cf7a-ee44-441c-b76a-b9b40ef44538', '#144007','af0893af-85d9-4d4a-a096-a33065060c53'),
('7a70e091-bad3-4047-8622-d88b0057975e', '#476237','af0893af-85d9-4d4a-a096-a33065060c53'),
('ef36f6e9-396e-45b6-8ad7-f834b4592770', '#661147','af0893af-85d9-4d4a-a096-a33065060c53'),
('df66d765-7ef7-48e3-acd6-6699d3f44334', '#516397','78d951b0-532d-4b13-bf70-96df4cf2e488'),
('d4ac54fd-ee4e-4259-87b6-ba9f4fcba0b9', '#809447','af0893af-85d9-4d4a-a096-a33065060c53'),
('9afb3e48-bea5-4ef9-9576-40a3d1de79d8', '#293494','78d951b0-532d-4b13-bf70-96df4cf2e488');

INSERT INTO Target_group (id_target_group, name, description, age_min, age_max, id_project) VALUES ('08f8d37e-1d69-49a1-8574-838c87dc441b', 'Adult men','We want to focus on middle-aged adult men who likes outdoor activities, especially stuff like: fishing, camping, grill, hiking etc..','30','70','af0893af-85d9-4d4a-a096-a33065060c53'),
('4cd19e93-b74c-45e5-9967-5f4d77898f8d', 'Teenagers / Young adults','Our company would like to target young creative people which are into new technologies, internet, mobile applications and social media.','15','28','78d951b0-532d-4b13-bf70-96df4cf2e488');


INSERT INTO Phase (id_project_phase, name, description, id_project, id_phase, order_position, value, progress, status) VALUES ('7a3808b1-2cf7-4a58-905b-10a77c6d976d', 'Initiation','This is where the project’s value and feasibility are measured.', '78d951b0-532d-4b13-bf70-96df4cf2e488','60118177-0de1-4eb6-819b-4e38c92b3481','1','10','100','Finished'),
('8addd01a-2e63-49ce-8b7b-ffc9c82fe541','Planning','All about writing a solid action plan to guide the development team, as well as keep them on time and on budget.', '78d951b0-532d-4b13-bf70-96df4cf2e488','9e5c0106-5d1b-4f81-bd50-1309bb7dfb08','2','20','30', 'In progress'),
('d1ae281e-9974-4d55-babd-70e792d944eb', 'Development','Creation of your desired project according to Initiation and Planning phases arrangements.', '78d951b0-532d-4b13-bf70-96df4cf2e488','e6c560a3-6d84-459d-931a-abfe1791babe','3','40','0', 'Pending'),
('a9f429db-44e6-40a4-aca3-d8e50fe87cd6', 'Testing','Making sure that your project solutions are bullet-proof.', '78d951b0-532d-4b13-bf70-96df4cf2e488','19c9788e-d008-4787-85ab-cf5d055338cb','4','20','0', 'Pending'),
('46c7c1ad-5f8f-4013-832a-9be9be6c2ac3', 'Delivery','After final acceptance and testing phase passing completed project to you.', '78d951b0-532d-4b13-bf70-96df4cf2e488','b0e9a6be-cea5-42c8-a153-c1ad1eb9a499','5','10','0', 'Pending'),
('87343fc0-7a9c-4c46-afba-8647920f39a9', 'af0893af-85d9-4d4a-a096-a33065060c53','9e5c0106-5d1b-4f81-bd50-1309bb7dfb08','1','10','50', 'In progress'),
('5c934346-3ae5-4069-8015-59bfd90e3487', 'af0893af-85d9-4d4a-a096-a33065060c53','e6c560a3-6d84-459d-931a-abfe1791babe','2','50','0', 'Pending'),
('5bb3ef5a-575c-46a2-bf6b-f956a8fb5cf2', 'af0893af-85d9-4d4a-a096-a33065060c53','19c9788e-d008-4787-85ab-cf5d055338cb','3','30','0', 'Pending'),
('8edaad28-13fc-4db0-bdc0-7bb2200b626f', 'af0893af-85d9-4d4a-a096-a33065060c53','b0e9a6be-cea5-42c8-a153-c1ad1eb9a499','4','10','0', 'Pending');

INSERT INTO Task (id_task, name, id_project_phase, value, is_done) VALUES ('22e94d92-cf19-42b3-8fd1-b6deec6c5283', 'Qui deleniti.','7a3808b1-2cf7-4a58-905b-10a77c6d976d','1','0'),
('970243a0-0e40-4b82-bad1-e2ac72eb7a77', 'Quae sed ducimus suscipit.','7a3808b1-2cf7-4a58-905b-10a77c6d976d','1','0'),
('a84a5b69-9451-4b49-8cdc-83eebf3ee245', 'Sit quae iure.','8addd01a-2e63-49ce-8b7b-ffc9c82fe541','1','0'),
('053c51eb-69ef-4253-a762-efaea4c2536c', 'Minima nihil totam.','8addd01a-2e63-49ce-8b7b-ffc9c82fe541','1','0'),
('4580b251-55c5-40fe-9dd3-1e14f25fd8a6', 'Aperiam ducimus dolores.','d1ae281e-9974-4d55-babd-70e792d944eb','1','0'),
('69aa89d0-0514-41cb-afb8-356c71a742a5', 'Aut commodi blanditiis qui seq','a9f429db-44e6-40a4-aca3-d8e50fe87cd6','1','0'),
('728e33f9-35f4-424d-b339-14d5a4488cc8', 'Est quas voluptatem aut.','d1ae281e-9974-4d55-babd-70e792d944eb','1','0'),
('942135af-b649-4e37-ab1c-5f23a7077573', 'Accusantium vel.','46c7c1ad-5f8f-4013-832a-9be9be6c2ac3','1','0'),
('5f62e3d3-9ef0-4436-9f8f-88b2f26c359c', 'Voluptatem est non perspiciati','87343fc0-7a9c-4c46-afba-8647920f39a9','1','0'),
('048a97db-962a-443f-8725-2c30b699f836', 'Et dolor magni.','a9f429db-44e6-40a4-aca3-d8e50fe87cd6','1','0'),
('8897d248-96b9-4014-952d-44d3533b84d2', 'Numquam aliquam qui.','5c934346-3ae5-4069-8015-59bfd90e3487','1','0'),
('536f40f1-bc65-473b-b57f-63378917ee3f', 'Enim illum ipsum.','87343fc0-7a9c-4c46-afba-8647920f39a9','1','0'),
('cbda5721-2e65-40b4-bfa6-d25566cd549a', 'Dolores expedita amet voluptat','d1ae281e-9974-4d55-babd-70e792d944eb','1','1'),
('eebede0c-69e8-4d6a-a028-534f85c104ac', 'Aliquam doloribus nam vel.','87343fc0-7a9c-4c46-afba-8647920f39a9','1','1'),
('afe347ed-52ba-4098-900e-2d3fc815c3cc', 'Repudiandae quasi et sed.','8addd01a-2e63-49ce-8b7b-ffc9c82fe541','1','1'),
('95fbc4ea-f95c-40f9-b66f-6e5c6429fb06', 'Sapiente at hic.','5bb3ef5a-575c-46a2-bf6b-f956a8fb5cf2','1','1'),
('4cffcee0-ecfd-41a5-b45b-c912480647c6', 'Consectetur aliquam commodi ve','8edaad28-13fc-4db0-bdc0-7bb2200b626f','1','1'),
('55e45ee4-29e6-409d-a9a8-9706a1be300f', 'Voluptas veritatis ut.','46c7c1ad-5f8f-4013-832a-9be9be6c2ac3','1','1'),
('a7819fe4-dabd-429e-9e7f-70694b26408d', 'Velit neque laborum.','7a3808b1-2cf7-4a58-905b-10a77c6d976d','1','1'),
('70c36f57-9808-44e7-ac34-512a0498b8b9', 'Et quidem aut odio.','87343fc0-7a9c-4c46-afba-8647920f39a9','1','1'),
('218fefbd-31ef-4ca2-867a-0c699033acd9', 'Repellat alias voluptas.','5bb3ef5a-575c-46a2-bf6b-f956a8fb5cf2','1','1'),
('0b63618c-32fc-463b-9cb2-38fade559df6', 'Laborum et iusto.','87343fc0-7a9c-4c46-afba-8647920f39a9','2','1'),
('3ee97b0a-da49-48bd-a926-bd36d46b807e', 'Porro assumenda quia.','5c934346-3ae5-4069-8015-59bfd90e3487','2','1'),
('33f6cbe6-4b9f-452b-8ca3-fb43145df8ad', 'Dolorem nihil excepturi invent','5bb3ef5a-575c-46a2-bf6b-f956a8fb5cf2','2','1'),
('60745235-b424-4bbb-b9bd-7b7d428a43cb', 'Et nulla sed.','7a3808b1-2cf7-4a58-905b-10a77c6d976d','2','1'),
('14d60569-d188-4f75-ab16-370ad37f50a8', 'Voluptatem cupiditate.','5c934346-3ae5-4069-8015-59bfd90e3487','2','1'),
('bce56cf2-0446-405a-9dff-07d3bd012c63', 'Adipisci qui.','8addd01a-2e63-49ce-8b7b-ffc9c82fe541','2','0'),
('1adcd1d5-c994-4daf-8b4c-ac64af8b024d', 'Quia aut aperiam doloribus.','5bb3ef5a-575c-46a2-bf6b-f956a8fb5cf2','2','0'),
('ee25d992-f68c-44ce-8dde-19ff0b00d352', 'Quia odio ut.','d1ae281e-9974-4d55-babd-70e792d944eb','2','0'),
('7d23fbac-1960-4beb-a099-24ef60191f17', 'Quidem qui sunt.','46c7c1ad-5f8f-4013-832a-9be9be6c2ac3','2','0'),
('149eff21-ab1c-4db5-af1e-bf61b98aa0d7', 'Voluptas in beatae enim.','8addd01a-2e63-49ce-8b7b-ffc9c82fe541','2','0'),
('37192b96-2ec3-4987-89b3-21cbbd632b45', 'Ipsam voluptatem placeat assum','5bb3ef5a-575c-46a2-bf6b-f956a8fb5cf2','2','0');

INSERT INTO Offer (id_offer, salary, date_deadline, is_chosen, id_company, id_project) VALUES ('94695438-a86a-4710-8964-f76825da05d2', '12059','2013-04-05','0','e48dcc2f-e0c7-4056-982c-97f50b0c553f','af0893af-85d9-4d4a-a096-a33065060c53'),
('094432b0-a67d-46ec-b8dd-504be3d501e0', '31827','1983-05-18','1','9636bb2e-98da-4644-8856-dee994efc7f2','78d951b0-532d-4b13-bf70-96df4cf2e488'),
('2ba3a821-e43e-4755-9337-a32095b40d31', '28246','1978-07-16','1','51e7f494-0a3c-48ad-91af-950bee41f94a','af0893af-85d9-4d4a-a096-a33065060c53'),
('8f865163-a685-4c1c-8eb8-f716135ff753', '11496','1995-11-10','0','b8f1391f-ebeb-44ee-95a7-a74827248446','af0893af-85d9-4d4a-a096-a33065060c53'),
('40f40dc3-a8fd-48ca-bde4-6d2c20edab62', '6695','1971-11-21','0','f94d9934-55da-4bdf-8eba-43aeedcbade5','af0893af-85d9-4d4a-a096-a33065060c53'),
('a471c7b9-0acc-4971-ae7d-831303c65895', '12915','1995-04-25','0','09946b82-d2f0-4aae-82aa-b4777401487d','af0893af-85d9-4d4a-a096-a33065060c53'),
('5d17dcf0-bda4-403e-9c26-cbbaab8283b6', '25370','1979-08-25','0','cb595266-3a16-4c7d-9ecb-7a258e85c7c6','78d951b0-532d-4b13-bf70-96df4cf2e488'),
('9018c195-c396-4f76-af63-926136bd7b59', '28310','2008-03-19','0','2fac289c-5258-4b6c-b99a-0398c668dd41','78d951b0-532d-4b13-bf70-96df4cf2e488'),
('cee72c53-2fca-4fb5-b10a-9235c55b0474', '3887','2010-01-25','0','35a25e33-a3ca-4b91-8bf2-553c86caa109','78d951b0-532d-4b13-bf70-96df4cf2e488'),
('b8d99355-353b-4a83-807a-e46a397bafbd', '17163','1974-10-13','0','defee47a-e277-4a65-a68d-fe5c18c98b64','78d951b0-532d-4b13-bf70-96df4cf2e488');

INSERT INTO Opinion (id_opinion, grade, description, date_created, id_project) VALUES ('08330318-4209-4429-b853-bdaf850a6ba3', '3','Et iure beatae tempore atque ex vitae maiores eligendi. Quam sed voluptates debitis consectetur sunt dolore. Et magnam explicabo non. Ab repudiandae enim omnis ipsum sed consequatur. Ut quasi deserunt odit et sequi reprehenderit cupiditate.','2018-08-25','78d951b0-532d-4b13-bf70-96df4cf2e488'),
('6721361e-3005-4de8-a691-c53631cf2d75', '5','A cool description.','2018-08-25','78d951b0-532d-4b13-bf70-96df4cf2e488'),
('6159c4e6-8122-4497-b571-32225bc69ca7', '5','Nisi ratione et placeat sint voluptatum dolorem. At quia voluptatibus laborum reprehenderit illo. Autem ut aliquid non eos id accusantium molestias ratione. Saepe sapiente nobis et quia molestias magnam.','2018-08-25','af0893af-85d9-4d4a-a096-a33065060c53');

INSERT INTO Agency_employee (position, id_user, id_company) VALUES ('Developer','063eb1f4-a1e3-4043-bdcf-6daf814f7e8c','2fac289c-5258-4b6c-b99a-0398c668dd41'),
('Graphic Designer','3e049f97-6823-40c2-9f07-9e7578b398a8','35a25e33-a3ca-4b91-8bf2-553c86caa109'),
('Developer','f71bed07-5339-41ad-b4d6-e7518514ecef','defee47a-e277-4a65-a68d-fe5c18c98b64');

INSERT INTO Agency_employee_project_phase (id_agency_employee_project_phase, id_project_phase, id_user) VALUES ('acaafa66-a8d6-42a5-a6f8-0995ecd09e83', '8addd01a-2e63-49ce-8b7b-ffc9c82fe541','f71bed07-5339-41ad-b4d6-e7518514ecef'),
('9f75508e-8985-4541-8a5a-ed236c314019', 'd1ae281e-9974-4d55-babd-70e792d944eb','f71bed07-5339-41ad-b4d6-e7518514ecef'),
('8faf04ee-5a67-4b59-aaf6-aee86a0af963', 'a9f429db-44e6-40a4-aca3-d8e50fe87cd6','f71bed07-5339-41ad-b4d6-e7518514ecef'),
('0bd47fa4-ce34-4cd1-957b-2edd0bfb0a98', '46c7c1ad-5f8f-4013-832a-9be9be6c2ac3','063eb1f4-a1e3-4043-bdcf-6daf814f7e8c'),
('79fc150e-6226-4608-8ce9-15e11e48eaa6', '46c7c1ad-5f8f-4013-832a-9be9be6c2ac3','f71bed07-5339-41ad-b4d6-e7518514ecef');

INSERT INTO Client_agency (id_client_agency, id_user, id_company) VALUES ('84c3d92f-959e-4473-b54b-8e4eca4c38a0', '8f1f45fa-2beb-44ba-9854-e9d351dfefb8','defee47a-e277-4a65-a68d-fe5c18c98b64'),
('5935f14a-7341-46e4-8f15-aca1c0305faa', '2a62ad9a-9290-4afd-886d-26e2fe91701c','f94d9934-55da-4bdf-8eba-43aeedcbade5'),
('8122e976-ab8e-45b1-82f6-b6c1c3df10e9', 'f71bed07-5339-41ad-b4d6-e7518514ecef','35a25e33-a3ca-4b91-8bf2-553c86caa109'),
('a10a8866-b6bf-410a-893b-433da1dad267', '87e95508-9ba4-4669-b858-dbe5d273b4e0','cb595266-3a16-4c7d-9ecb-7a258e85c7c6');

INSERT INTO Client_project (id_client_project, id_user, id_project, date_created) VALUES ('0671b28c-4182-41ba-8738-21d46c2b129d','3e049f97-6823-40c2-9f07-9e7578b398a8','78d951b0-532d-4b13-bf70-96df4cf2e488','1983-05-18');

INSERT INTO Question (id_question, type, content, status, id_user, id_phase)
VALUES ('f14a05e2-5aad-4cdf-817e-7e7c346be958', 'QuestionType', 'What should be the navbar color?', 'Unanswered', '063eb1f4-a1e3-4043-bdcf-6daf814f7e8c', '46c7c1ad-5f8f-4013-832a-9be9be6c2ac3');

INSERT INTO Answer_option (id_answer_option, content, is_chosen, id_question)
VALUES ('9dad01af-8090-423a-9771-d786c612db74', 'Red', false, 'f14a05e2-5aad-4cdf-817e-7e7c346be958');
INSERT INTO Answer_option (id_answer_option, content, is_chosen, id_question)
VALUES ('a960eb78-21f6-45e2-8c05-aa915d462d8b', 'Blue', false, 'f14a05e2-5aad-4cdf-817e-7e7c346be958');
INSERT INTO Answer_option (id_answer_option, content, is_chosen, id_question)
VALUES ('0564c7d0-024f-431c-a44b-b5a284e21520', 'Yellow', true, 'f14a05e2-5aad-4cdf-817e-7e7c346be958');